Source,Target
0x8287B1662a42647c24ACe9fD3d6381D4446a2C79,0x3a185738b0feacb30843f0808dfc85df802f3b54
0x8287B1662a42647c24ACe9fD3d6381D4446a2C79,0x084b1c3c81545d370f3634392de611caabff8148
0x8287B1662a42647c24ACe9fD3d6381D4446a2C79,0x31d843b99c2c4088cd20d96ef2426673b958ff70
0x8287B1662a42647c24ACe9fD3d6381D4446a2C79,0xf4ac11a8967bc88c9ce5acf886bce605c9db9d6e
0x8287B1662a42647c24ACe9fD3d6381D4446a2C79,0xdef1c0ded9bec7f1a1670819833240f027b25eff
0x8287B1662a42647c24ACe9fD3d6381D4446a2C79,0x8287b1662a42647c24ace9fd3d6381d4446a2c79
0x8287B1662a42647c24ACe9fD3d6381D4446a2C79,0x0eb5293ce29e95bc466166397e0e3dfdfe9f55e3
0x8287B1662a42647c24ACe9fD3d6381D4446a2C79,0x283af0b28c62c092c9727f1ee09c02ca627eb7f5
0x3a185738b0feacb30843f0808dfc85df802f3b54,0x0ff87522e5351318390d8c75e3997f9f64cf2e0c
0x3a185738b0feacb30843f0808dfc85df802f3b54,0x6eef0204e2df238cabf1120b274b04d3e4570229
0x3a185738b0feacb30843f0808dfc85df802f3b54,0xd11baa5966e266396e9ed723c96b613b9c39620c
0x3a185738b0feacb30843f0808dfc85df802f3b54,0x59064b072478f3eb784701212df85dd3c88eecc8
0x3a185738b0feacb30843f0808dfc85df802f3b54,0xdea26f9180a42ad56e7499885a8ee45cc7f9ef9e
0x3a185738b0feacb30843f0808dfc85df802f3b54,0xafb0c3497f559ea3738505e6ff9ed0455607f991
0x3a185738b0feacb30843f0808dfc85df802f3b54,0xdbd80a0a625691d4a55a12a6aae1b2b9cc0e2fbe
0x3a185738b0feacb30843f0808dfc85df802f3b54,0x1d0d62027524709880ac9c0a30bf8d8939aa2229
0x3a185738b0feacb30843f0808dfc85df802f3b54,0x1ba85e7548f7eeaa0e3dcc18d890194818ffdff5
0x3a185738b0feacb30843f0808dfc85df802f3b54,0xd5d7c45ed25f47a5f28d764fdc0fff2c8067e7da
0x3a185738b0feacb30843f0808dfc85df802f3b54,0xea2aa6402b13ae1eaf5f9e5b84b4d26a4958a7c6
0x3a185738b0feacb30843f0808dfc85df802f3b54,0x4289c9a70f6c36bbfba6021986e9766c2f86e2ec
0x3a185738b0feacb30843f0808dfc85df802f3b54,0x1b36e2c2c114ff4f8e932f7272bbfb4ffcb55071
0x3a185738b0feacb30843f0808dfc85df802f3b54,0xd4ab53dda5d147c5b91092aff4b48a297c687939
0x3a185738b0feacb30843f0808dfc85df802f3b54,0xf6c115dc7d1f2cd4fe629c8c4f13bade426e1490
0x3a185738b0feacb30843f0808dfc85df802f3b54,0x6e373bf010b657e1f908afc32bbcce328feffa14
0x3a185738b0feacb30843f0808dfc85df802f3b54,0x9ff53a90322c068d7572079ec3c1f307ed3f84b5
0x3a185738b0feacb30843f0808dfc85df802f3b54,0x58dbd41f7d98c2ac945e5f0dd19d6883105a33ab
0x3a185738b0feacb30843f0808dfc85df802f3b54,0xf025f406a5fe7555073ea52b52dc87385e40daa9
0x3a185738b0feacb30843f0808dfc85df802f3b54,0x55dfb1ab032719ff153502fa1aa3046204a24d56
0x3a185738b0feacb30843f0808dfc85df802f3b54,0x268b819eb1a64796c670bdb90752f55ca9eef21f
0x3a185738b0feacb30843f0808dfc85df802f3b54,0x0c5363c60c25457c171decde25ea9d4796f4dee7
0x3a185738b0feacb30843f0808dfc85df802f3b54,0x1c25e59b7a900807624afc8a728ba81494de4402
0x3a185738b0feacb30843f0808dfc85df802f3b54,0x43310f735308b27c4171dc5b681a9b348da450df
0x3a185738b0feacb30843f0808dfc85df802f3b54,0x411a5a676c7fe2a3e381fc5bac018661ab4fc7f4
0x3a185738b0feacb30843f0808dfc85df802f3b54,0x84684bfe7788707ca1ecfe9e6818b8a276c58d4f
0x3a185738b0feacb30843f0808dfc85df802f3b54,0xf3b7a45c63692a9681ace8972e2e89e7e6587019
0x3a185738b0feacb30843f0808dfc85df802f3b54,0xbbbfd5fd6384e8e744f26ce4abc7e8b08c243ffa
0x3a185738b0feacb30843f0808dfc85df802f3b54,0x9feb501d5157a62d1307dcdec734078b17b49190
0x3a185738b0feacb30843f0808dfc85df802f3b54,0x758663adfb5d61238556cf74bf006bb1e1f7a141
0x3a185738b0feacb30843f0808dfc85df802f3b54,0xbcbf774faa5d7dde131ae0eac9e701384755d39c
0x3a185738b0feacb30843f0808dfc85df802f3b54,0x3deaf8134c9aebf84e9c8870c4ac1dcdb5e37e15
0x3a185738b0feacb30843f0808dfc85df802f3b54,0x39a46563de9e6ecf6c648f7367213df5a662fb6f
0x3a185738b0feacb30843f0808dfc85df802f3b54,0xb1a3ccf1dffea0452c7bb622392f3cc90db4e39d
0x3a185738b0feacb30843f0808dfc85df802f3b54,0x276ce98508726e41695fbf9ee47d418002a3e940
0x3a185738b0feacb30843f0808dfc85df802f3b54,0x5ae3250ed8df8bd57177de7e0cce3a2e218ffacb
0x3a185738b0feacb30843f0808dfc85df802f3b54,0x0b12e4cdc92d1464294aa54108d0db1bce377ee9
0x3a185738b0feacb30843f0808dfc85df802f3b54,0x100dd60d6c386402ebbfb35c522178b7f1cdf415
0x3a185738b0feacb30843f0808dfc85df802f3b54,0x93ec6448bc89b871492b0fac1b7e57a581f6428c
0x3a185738b0feacb30843f0808dfc85df802f3b54,0x4d6398268967115fad6a8613a97bbb438b631283
0x3a185738b0feacb30843f0808dfc85df802f3b54,0xd443f1a810f3d07a8cb50c011156c14ab246604f
0x3a185738b0feacb30843f0808dfc85df802f3b54,0xe2b7867d2927f271f82f7c11d9a3b7807673fdef
0x3a185738b0feacb30843f0808dfc85df802f3b54,0x0dc3fe20dbd6d5ad2de2a5d9774b4345b81bff37
0x3a185738b0feacb30843f0808dfc85df802f3b54,0xb158227553deeccc7716bcd1bfaedcb00347d90a
0x3a185738b0feacb30843f0808dfc85df802f3b54,0x3c1c4d3323ac8b302854d11b6ccc06cf86182d84
0x3a185738b0feacb30843f0808dfc85df802f3b54,0x991f8b0917830c4794743fc46ea69f1e895ffd0a
0x3a185738b0feacb30843f0808dfc85df802f3b54,0x8287b1662a42647c24ace9fd3d6381d4446a2c79
0x3a185738b0feacb30843f0808dfc85df802f3b54,0x58538dc6fe148e1252296a2cfe1cc61bcb34104b
0x3a185738b0feacb30843f0808dfc85df802f3b54,0xae2965b2b3244ad7ffd5f17c48c06dd98f1e8107
0x3a185738b0feacb30843f0808dfc85df802f3b54,0xfc4c4a323a109cd5d2d4214131bbb13e6edad14f
0x3a185738b0feacb30843f0808dfc85df802f3b54,0xdc7a1bcef1fe356209047baa4cd87753a9e3458a
0x3a185738b0feacb30843f0808dfc85df802f3b54,0x66074d297ebc68bf9fd3852f709145d1154750ef
0x3a185738b0feacb30843f0808dfc85df802f3b54,0x5b73cbb411e4db85b28dc21f874bdeb2d1c964b6
0x3a185738b0feacb30843f0808dfc85df802f3b54,0xcf81ddc75c1afa46eeed5f6dea31ff352c0d3d2f
0x3a185738b0feacb30843f0808dfc85df802f3b54,0xf301a1ae0ecb41d13e477f7e4cb0ef3fadbf9ee5
0x3a185738b0feacb30843f0808dfc85df802f3b54,0x802ab9eb1a75f58810bbcaf19fa7127e1e1f77c4
0x3a185738b0feacb30843f0808dfc85df802f3b54,0x8a49de1fa57607af891e53d24bf95754740cdebe
0x3a185738b0feacb30843f0808dfc85df802f3b54,0xdfbcee804e2370eeed62f0a3f05bf07f9c4b7bc2
0x3a185738b0feacb30843f0808dfc85df802f3b54,0x4c341c983a853a1794588bbc756d20bcd124470d
0x3a185738b0feacb30843f0808dfc85df802f3b54,0x5e30982b9f93fc9fae83148c6f290ba8e555faca
0x3a185738b0feacb30843f0808dfc85df802f3b54,0x757f179e05c4c0dd8932e8ce12e59fd567130cff
0x3a185738b0feacb30843f0808dfc85df802f3b54,0x635ed8b9fbecd24f965d87050e87d526575d1e8b
0x3a185738b0feacb30843f0808dfc85df802f3b54,0xc217786ea79038a15e85978a3f91bfa59d1e66d2
0x3a185738b0feacb30843f0808dfc85df802f3b54,0xa487e4485672b7e8dc26023a7ecd5bac90feb7da
0x3a185738b0feacb30843f0808dfc85df802f3b54,0x21d6bf4c0b7d8f2cfc2442676c449688f06d0d86
0x3a185738b0feacb30843f0808dfc85df802f3b54,0x43301a3cdf87aaff129869a4671ca91ae02f70e6
0x3a185738b0feacb30843f0808dfc85df802f3b54,0xd721aa6626ddfcecb2e6f9a6078b04d02fabccce
0x3a185738b0feacb30843f0808dfc85df802f3b54,0x01ffa88b743d70f480335700ed64475a60431adc
0x3a185738b0feacb30843f0808dfc85df802f3b54,0xe69171feff9b15daa83c0f41edcfba8994ffcd57
0x3a185738b0feacb30843f0808dfc85df802f3b54,0x236996d404ab9adef85996b5453b691c21228aed
0x3a185738b0feacb30843f0808dfc85df802f3b54,0xa93e474129bb40ad02eb45445b4c216e34916f57
0x3a185738b0feacb30843f0808dfc85df802f3b54,0xf405d5794c9e1176de91f99fe7967e8071309f44
0x3a185738b0feacb30843f0808dfc85df802f3b54,0x66dcd2c7733b302295a4597d4a2f48030cdad217
0x3a185738b0feacb30843f0808dfc85df802f3b54,0x1f609f9a9c16f94b43960b1ae69f626d33fe39c0
0x3a185738b0feacb30843f0808dfc85df802f3b54,0x41c8ae946affb79a71e8d9c99861f329d5d819bc
0x3a185738b0feacb30843f0808dfc85df802f3b54,0xc635db52493c1e7c47e2cb59570048018b2cc318
0x3a185738b0feacb30843f0808dfc85df802f3b54,0xe3d0487e0a69ad88ada2fb2d965677cc0ca9cf73
0x3a185738b0feacb30843f0808dfc85df802f3b54,0x99217c2779aeb8f51aedc35af6f0dd7cccba58be
0x3a185738b0feacb30843f0808dfc85df802f3b54,0xcfafa3fc073af711d650dc258ff446f47bf4d5ad
0x3a185738b0feacb30843f0808dfc85df802f3b54,0x70f3f081abb6eb5dbb9e80bf978d2aff5c646170
0x3a185738b0feacb30843f0808dfc85df802f3b54,0x95208a139993c81375d9e9f1a9be2cb07e5e8a69
0x3a185738b0feacb30843f0808dfc85df802f3b54,0xb92c23e26158fa0ed9645b81045065735e3ab9e4
0x3a185738b0feacb30843f0808dfc85df802f3b54,0x9b78062ef422367675ddc51bc640ccd35564b6e6
0x084b1c3c81545d370f3634392de611caabff8148,0xba0111f5ec1b6f2f092e9730f5f64840f3b42c95
0x084b1c3c81545d370f3634392de611caabff8148,0x9070c5d93adb58b8cc0b281051710cb67a40c72b
0x084b1c3c81545d370f3634392de611caabff8148,0x6b707391c60d50e4e414a143446c0b8ef9a2d1c4
0x084b1c3c81545d370f3634392de611caabff8148,0x74bb0bbe5bf9b6187a02cb338a0ed264a0afde15
0x084b1c3c81545d370f3634392de611caabff8148,0x6543c99d0e073c140fd08a741c6cfdcd1449da94
0x084b1c3c81545d370f3634392de611caabff8148,0x30dd12344ce6bb4596c37f68b507028fabfe2e0f
0x084b1c3c81545d370f3634392de611caabff8148,0x0e0c2d0295e35b500a22b884529795b7e0855f18
0x084b1c3c81545d370f3634392de611caabff8148,0x421de0c12d228c8436265f406df2c223ccf0de48
0x084b1c3c81545d370f3634392de611caabff8148,0x4796d24cd6734c51a9b45beecaa3a69017e522f2
0x084b1c3c81545d370f3634392de611caabff8148,0x23e00ba0b8813798ccb979a65ea0bac261d023b8
0x084b1c3c81545d370f3634392de611caabff8148,0xa5c84525194276c430ab157e341a0dcbb61167eb
0x084b1c3c81545d370f3634392de611caabff8148,0xce612d91a21203671901142034a76ded9d8591ee
0x084b1c3c81545d370f3634392de611caabff8148,0xec7641e298af02c19171451381c570327389b0c2
0x084b1c3c81545d370f3634392de611caabff8148,0xd9bd84c1848ea4ad22ed15e68cb9ffd45accfa1d
0x084b1c3c81545d370f3634392de611caabff8148,0xbdc21fae769d7f5469993d8e83b465495d88cfc0
0x084b1c3c81545d370f3634392de611caabff8148,0xe7f6ceb3f72e1fd5b33f5ca2e132079a70ec5138
0x084b1c3c81545d370f3634392de611caabff8148,0x2fa2cbd827aa76f4a232d211dc5c14d2b130abd2
0x084b1c3c81545d370f3634392de611caabff8148,0x724f321c4efed5e3c7cca40168610c258c82d02f
0x084b1c3c81545d370f3634392de611caabff8148,0x4dc3ee22f48616fed67e6a4e004540b9c214d21e
0x084b1c3c81545d370f3634392de611caabff8148,0x87dff96c4c59bd7a6f61a75778d1bcff51836923
0x084b1c3c81545d370f3634392de611caabff8148,0x6be450972b30891b16c8588dcbc10c8c2aef04da
0x084b1c3c81545d370f3634392de611caabff8148,0x085f6968857291a29b37cad3ec8ff33f1fe76102
0x084b1c3c81545d370f3634392de611caabff8148,0xf5422827e1a3791fb06605aff0d24fb824be126e
0x084b1c3c81545d370f3634392de611caabff8148,0x4a693448a120f75377d35710b7126462467246e2
0x084b1c3c81545d370f3634392de611caabff8148,0xb2a5c803247e275a2b9a4bd0d2f28e8183c607dd
0x084b1c3c81545d370f3634392de611caabff8148,0x5ba3dff6a7f45a2bcfab45b876099be8e3ae12c3
0x084b1c3c81545d370f3634392de611caabff8148,0x32fad51da6d3177cff9271adadcd8c34107e745c
0x084b1c3c81545d370f3634392de611caabff8148,0xfa60afa393305055c3d93738b588c5da38882590
0x084b1c3c81545d370f3634392de611caabff8148,0xcf3f8ef708ab8e7573d27324180be4a1aa9636fa
0x084b1c3c81545d370f3634392de611caabff8148,0x0000000fac3c36158a6e9d42b99998d4f35bd64b
0x084b1c3c81545d370f3634392de611caabff8148,0xc218fee85e82ad596c86576017ca1aba274075c4
0x084b1c3c81545d370f3634392de611caabff8148,0x16e203ea994d5cf97c7ee1b50c812d0c2b1733ae
0x084b1c3c81545d370f3634392de611caabff8148,0x9811f07f49729d32a3b69dcc212b001b9466e17d
0x084b1c3c81545d370f3634392de611caabff8148,0xd9d22fa1a3ba24904d631bec7b5ddf57b3645561
0x084b1c3c81545d370f3634392de611caabff8148,0xe4fb2c5bd24fb3c344b98a5f51010eaaba47c9e4
0x084b1c3c81545d370f3634392de611caabff8148,0x7a3906e65b3d04a6270542c39ef642f64aea2a2f
0x084b1c3c81545d370f3634392de611caabff8148,0x1f1fc2e83d2ec8eb3a9cb7f39ef1ad09edd201d9
0x084b1c3c81545d370f3634392de611caabff8148,0x3608c988379efc4571d6f63336f14b5560f12db8
0x084b1c3c81545d370f3634392de611caabff8148,0xc77233994a90040e384e944b242bcb1df387a24d
0x084b1c3c81545d370f3634392de611caabff8148,0x606c2f883899455ba54c1e6807a6f95a669e9e21
0x084b1c3c81545d370f3634392de611caabff8148,0x84fd859088db1e5a6dfcc75988a85dd3ebd378b9
0x084b1c3c81545d370f3634392de611caabff8148,0x0a05d48ddd8df94b7968092a887521373b35a38a
0x084b1c3c81545d370f3634392de611caabff8148,0x855bb934ebce7fd891d57d03a089d06cbca8a234
0x084b1c3c81545d370f3634392de611caabff8148,0xa4a427e29022187fc470d001423cbbf9084b4a3f
0x084b1c3c81545d370f3634392de611caabff8148,0x2e218a9dbc931a9de514f52ea9c941d1170555ff
0x084b1c3c81545d370f3634392de611caabff8148,0x7ec170aa6a68b7513ac254492193500ce2c66079
0x084b1c3c81545d370f3634392de611caabff8148,0x7d0c62a79805600f2c751c4d4be01c9c5a7d0339
0x084b1c3c81545d370f3634392de611caabff8148,0x3c3f42f7bed79623d401e1304e6b01c8ded7f750
0x084b1c3c81545d370f3634392de611caabff8148,0x004098bb5b1d5285e4347bfebfe65b36d20fc697
0x084b1c3c81545d370f3634392de611caabff8148,0x9f3226e9de5983804e7003a779ef2e59f7e09733
0x084b1c3c81545d370f3634392de611caabff8148,0x01bf1d7c5e192313c26414e134584275f46271cf
0x084b1c3c81545d370f3634392de611caabff8148,0xf7fde6e62522c4251aff03d46a306aa1ba5e04f1
0x084b1c3c81545d370f3634392de611caabff8148,0x13534638007051ca24d92bc10799d4c83dd66f0d
0x084b1c3c81545d370f3634392de611caabff8148,0xf4133f3a2aa70fe18b3fcce7bb7ff58dc310da2a
0x084b1c3c81545d370f3634392de611caabff8148,0x306ebe8357cf941e1b870a1ba6a60aa9668805d2
0x084b1c3c81545d370f3634392de611caabff8148,0xfa45c6991a2c3d74ada3a279e21135133ce3da8a
0x084b1c3c81545d370f3634392de611caabff8148,0x5dd390eb68534778871a9397bff2afb434f5a534
0x084b1c3c81545d370f3634392de611caabff8148,0x4d3837173373a166f0be0e5d2a4f03a724c172f5
0x084b1c3c81545d370f3634392de611caabff8148,0x29bdb1b1d9c6ef658724ac9f4d8c1a7645f5787b
0x084b1c3c81545d370f3634392de611caabff8148,0x63e3d347f7f768aa7c43c95fe5ded88fc7a90871
0x084b1c3c81545d370f3634392de611caabff8148,0x98d562c7a4781e3e6c0d16f67469b0a3b0cb25c7
0x084b1c3c81545d370f3634392de611caabff8148,0xe5eb222996967be79468c28ba39d665fd96e8b30
0x084b1c3c81545d370f3634392de611caabff8148,0x3d6e1060241c924fd90eb85616745b459f1b843e
0x084b1c3c81545d370f3634392de611caabff8148,0x8b104344f397afc33ee55c743a0fbd7d956201cd
0x084b1c3c81545d370f3634392de611caabff8148,0x76fbdc28e90553d9f979140c6f7fc4565ebbecf3
0x084b1c3c81545d370f3634392de611caabff8148,0xf22ad58f303bf58ee81d9504644c72a2d4842e8f
0x084b1c3c81545d370f3634392de611caabff8148,0xad99fc4d593bae582c2ca83acd98ae6fcdb36192
0x084b1c3c81545d370f3634392de611caabff8148,0x430acdfb636d46b4564423ebe4db748f942bc73f
0x084b1c3c81545d370f3634392de611caabff8148,0x1a201469d96f7d443e71ee3997efdd6f2ed33f50
0x084b1c3c81545d370f3634392de611caabff8148,0x62c309a60f6fac644c0fef3bb63ed79891b94240
0x084b1c3c81545d370f3634392de611caabff8148,0x0c3464c31c73c7c79733533d9d93fac692b2a805
0x31d843b99c2c4088cd20d96ef2426673b958ff70,0x73affa8777fd05d0f0eedef1aa015e3bcbbfef77
0x31d843b99c2c4088cd20d96ef2426673b958ff70,0xf9484b64df27262a3a692e5370fa932671e8b3b8
0x31d843b99c2c4088cd20d96ef2426673b958ff70,0xbffc7a621eba1b5400dcea3185ef8119b7c37675
0x31d843b99c2c4088cd20d96ef2426673b958ff70,0x6c5b117d957884e1e9500ceb1959b031d893b07e
0x31d843b99c2c4088cd20d96ef2426673b958ff70,0xbdd7859e256baf65c32a3079130395ca57d7104d
0x31d843b99c2c4088cd20d96ef2426673b958ff70,0xe83f43d818dac59adfb292d1c1751a4341061c96
0x31d843b99c2c4088cd20d96ef2426673b958ff70,0xeecf09f5b0a01b21a2ad03d597f2ef882b6a00b7
0x31d843b99c2c4088cd20d96ef2426673b958ff70,0x7fc06b0c0cc69f3e4e532f0868fcfe5ecec99cd1
0x31d843b99c2c4088cd20d96ef2426673b958ff70,0xae90e1e5069c9c448d6b2a50745b5c49f99588a0
0x31d843b99c2c4088cd20d96ef2426673b958ff70,0xeacb6102eb4d4b731423e1e259faffe2f1c2f214
0x31d843b99c2c4088cd20d96ef2426673b958ff70,0x427535977da2a4d73a8f6b9171eedb9223055682
0x31d843b99c2c4088cd20d96ef2426673b958ff70,0xf1376fe0e1b83eb4df6d9f5fc210bb60716f3f98
0x31d843b99c2c4088cd20d96ef2426673b958ff70,0x4b9e4575eee8e2d1b4017cab980cbb20b065d9c8
0x31d843b99c2c4088cd20d96ef2426673b958ff70,0xf9e22bdb01a4eca64f3579dd4bc27023b097220c
0x31d843b99c2c4088cd20d96ef2426673b958ff70,0x2911fe5803ac4428867f30fc8a38dca04a24c4ec
0x31d843b99c2c4088cd20d96ef2426673b958ff70,0x8feba1c3537bf1bc1e2267e325233f3461658e23
0x31d843b99c2c4088cd20d96ef2426673b958ff70,0x87eb340a0ba323cf4252ed0c8ae53a3da8e3666c
0x31d843b99c2c4088cd20d96ef2426673b958ff70,0xd1123864512e3bfc672d531079cc3ca489840774
0x31d843b99c2c4088cd20d96ef2426673b958ff70,0xa7f27556327c6707dd7c01859d48ee566f235fe6
0x31d843b99c2c4088cd20d96ef2426673b958ff70,0xb9ed82ec8dbe3b3d9b2fb3483c04d713dc1bb468
0x31d843b99c2c4088cd20d96ef2426673b958ff70,0x1c41e99f7a1992ec16cc4ac1ba2464cc5e32a71d
0x31d843b99c2c4088cd20d96ef2426673b958ff70,0xa9c28eb83763d33ebeb279109f1b3913774fb01c
0x31d843b99c2c4088cd20d96ef2426673b958ff70,0xf2c75e9a44409c8deb343740d2c62002a0e9cea5
0x31d843b99c2c4088cd20d96ef2426673b958ff70,0x83ea14c82782f0d6b64b2d1bcf6b8f34ca70e434
0x31d843b99c2c4088cd20d96ef2426673b958ff70,0x5584f9e7ba6e805549cd139dd141873ed2ac7c0e
0x31d843b99c2c4088cd20d96ef2426673b958ff70,0x39fc4291f38ffb27d17b9c2b46bb8e5019e23ace
0x31d843b99c2c4088cd20d96ef2426673b958ff70,0xf167b212b1c73c6a8e11fcb03780e33cdb550b9e
0x31d843b99c2c4088cd20d96ef2426673b958ff70,0x8b80169d4a820f0d5a7960f11a0b51bc8289513a
0x31d843b99c2c4088cd20d96ef2426673b958ff70,0x7b45509ea0e9236c5f5f3ca0945ec2c01d3d91e6
0x31d843b99c2c4088cd20d96ef2426673b958ff70,0x4210da7c9b98f5a5b99925ffed5e34737163af3c
0x31d843b99c2c4088cd20d96ef2426673b958ff70,0x8389f6b566eef7bb27d67a636d2f3709112d8b32
0x31d843b99c2c4088cd20d96ef2426673b958ff70,0x5c670052792803cd75992d977fd7068787f5c1b0
0x31d843b99c2c4088cd20d96ef2426673b958ff70,0xac57ac75ed0f1db4c66ac7f6d401207f8102f539
0x31d843b99c2c4088cd20d96ef2426673b958ff70,0x00c5e4c3e3f84c45b3ce04f6764d895d616268c2
0x31d843b99c2c4088cd20d96ef2426673b958ff70,0x10a9c5897c9465ebfe159bf577374b86311e685b
0x31d843b99c2c4088cd20d96ef2426673b958ff70,0x5fdbde9e34e6d5692bba6ec614e714d56c69d536
0x31d843b99c2c4088cd20d96ef2426673b958ff70,0x741aaea52e2d9c815c6c0b9512e956d7094a2933
0x31d843b99c2c4088cd20d96ef2426673b958ff70,0xd56bef5119c1aaf1ef947f0cac0e597d9da363e2
0x31d843b99c2c4088cd20d96ef2426673b958ff70,0x403d8a3a7347302ff51a244a7c02676a0031f302
0x31d843b99c2c4088cd20d96ef2426673b958ff70,0x38250470a2611f00e0995502f5134943367db3e1
0x31d843b99c2c4088cd20d96ef2426673b958ff70,0x8c33737b7887663a858abf366913d102e129c67a
0x31d843b99c2c4088cd20d96ef2426673b958ff70,0xfb108ed87ed4202aaa5da1e91a20c6990f96dd9e
0x31d843b99c2c4088cd20d96ef2426673b958ff70,0x5d5641ffc02c05391d2588e18167651e01abb22d
0x31d843b99c2c4088cd20d96ef2426673b958ff70,0x77665e9a850aab6017222e90f9c68821ed5945e8
0x31d843b99c2c4088cd20d96ef2426673b958ff70,0x39793fa69f63bb6a9e152e4e6137f0777a8aca93
0x31d843b99c2c4088cd20d96ef2426673b958ff70,0xa2eb20502956bc21f17e3aca3734662462c13113
0x31d843b99c2c4088cd20d96ef2426673b958ff70,0x7167c283761b43482cb5e8d2159526f79b9bd5f6
0x31d843b99c2c4088cd20d96ef2426673b958ff70,0xf8db01f59d0caa15067156ff7ed786eaf207753e
0x31d843b99c2c4088cd20d96ef2426673b958ff70,0xa9e50ec34fbb18c3d71d6466649364d318f72028
0x31d843b99c2c4088cd20d96ef2426673b958ff70,0xcd31c23b84475a7392e2f86119be188bc2e7f197
0x31d843b99c2c4088cd20d96ef2426673b958ff70,0xbf2ef63aeadcaa0252b6489d24647e38ab1cf240
0x31d843b99c2c4088cd20d96ef2426673b958ff70,0x769f23b0f92d2034953ebefab8a3c6e2db9a2a62
0x31d843b99c2c4088cd20d96ef2426673b958ff70,0xb191796286cb11c8a162e1bf3f1139cc0f9f880f
0x31d843b99c2c4088cd20d96ef2426673b958ff70,0x0b7a49d4afbc3e1ff0ecd10874e341c46dc8c612
0x31d843b99c2c4088cd20d96ef2426673b958ff70,0xb162578ed496e8eeed32d33949e6473612bb8620
0x31d843b99c2c4088cd20d96ef2426673b958ff70,0x8ce69f3f36465366de7dce5fc2137ebe37a24122
0x31d843b99c2c4088cd20d96ef2426673b958ff70,0x64c47e2addb64c340ffbd44342d19f5263af1a5d
0x31d843b99c2c4088cd20d96ef2426673b958ff70,0x640008db511569e8e20378f9d12859e263840b12
0x31d843b99c2c4088cd20d96ef2426673b958ff70,0x5a776ea5e89d6f4504b208a6bd459d912a2ee22e
0x31d843b99c2c4088cd20d96ef2426673b958ff70,0x76811e6575f8b247ae49604e764ac1e033c3623c
0x31d843b99c2c4088cd20d96ef2426673b958ff70,0x21710fecd114b1336b0918951bb571dd9971db3a
0x31d843b99c2c4088cd20d96ef2426673b958ff70,0x542b5095032c20c0f5d18915e53f458366f2bcbf
0x31d843b99c2c4088cd20d96ef2426673b958ff70,0xfb23c9ccd11ffa1d8d292f83a7a2f83cd3a5185d
0x31d843b99c2c4088cd20d96ef2426673b958ff70,0xda78840633f664c91c555023ebc9c0efd72e80b4
0x31d843b99c2c4088cd20d96ef2426673b958ff70,0x29f1c3b3126c31b5232f1df4bb7825fc8f8d58af
0x31d843b99c2c4088cd20d96ef2426673b958ff70,0x948bc8fed01ff01d435d76d7a1ff0f312dc56ea6
0x31d843b99c2c4088cd20d96ef2426673b958ff70,0x369f891677d18468e56888cedc550a8cfa6e676e
0x31d843b99c2c4088cd20d96ef2426673b958ff70,0x3c6260c51b797e62610db03723dc2d576bab24bb
0x31d843b99c2c4088cd20d96ef2426673b958ff70,0x07a2cdeee240e05c3c048dc03ccdae309d657162
0x31d843b99c2c4088cd20d96ef2426673b958ff70,0xb56a8480db3c68c72bb23c2f1aa7ddfb4036b2e0
0x31d843b99c2c4088cd20d96ef2426673b958ff70,0x1151e3fc56d6b0574c7fed26cb78de3859c1f37a
0x31d843b99c2c4088cd20d96ef2426673b958ff70,0xc4327a21c50f29df01377260bbdf73531fa7c5ae
0x31d843b99c2c4088cd20d96ef2426673b958ff70,0x67b10398e2b525c8234d8e78cdc4a5aee4b79b99
0x31d843b99c2c4088cd20d96ef2426673b958ff70,0xea6c59c77de39701283442b0d008eab4ce338ed3
0x31d843b99c2c4088cd20d96ef2426673b958ff70,0x3d03f8ec826df6cef898add75e0bba67737c2375
0x31d843b99c2c4088cd20d96ef2426673b958ff70,0x29d8c6d9f755910aedb966e3f5186f1b5dcc199c
0x31d843b99c2c4088cd20d96ef2426673b958ff70,0xd42a02953a75487a4dc142828dbb002939ecba28
0x31d843b99c2c4088cd20d96ef2426673b958ff70,0xe2d3b6b71f7f41fdcce9248e2ae2eb7cefddd534
0x31d843b99c2c4088cd20d96ef2426673b958ff70,0x559c1eb7cc91ac594905d7cff91dd15552773fb5
0xf4ac11a8967bc88c9ce5acf886bce605c9db9d6e,0x7ac1355fcbb1437affb10e6b73fdf82a53c12239
0xf4ac11a8967bc88c9ce5acf886bce605c9db9d6e,0x52e261fc731d1ec7a944f600b8cfd0ba15addb42
0xf4ac11a8967bc88c9ce5acf886bce605c9db9d6e,0xef67e90dd73d677fb9a367f7df82c9e1379f2473
0xf4ac11a8967bc88c9ce5acf886bce605c9db9d6e,0x55dfb1ab032719ff153502fa1aa3046204a24d56
0xf4ac11a8967bc88c9ce5acf886bce605c9db9d6e,0xbe5838b07eed79870f39e35e87db655119ea7346
0xf4ac11a8967bc88c9ce5acf886bce605c9db9d6e,0xade46162c6841b3d5793b505d1fd252b2da8e977
0xf4ac11a8967bc88c9ce5acf886bce605c9db9d6e,0xbb146b4b4af26a330c7edeaa54b1465421b156d0